City_ID,City,Country,Date,Lat,Lng,Max Temp,Humidity,Cloudiness,Wind Speed
0,Mahebourg,MU,2022-01-30 15:21:54,-20.4081,57.7,82.69,74,40,13.8
1,Saint Anthony,US,2022-01-30 15:21:55,45.0205,-93.218,17.44,71,0,10.36
2,Chulym,RU,2022-01-30 15:21:55,55.0997,80.9572,8.98,96,28,8.16
3,Edson,CA,2022-01-30 15:21:55,53.5835,-116.4356,26.74,80,75,2.3
4,New Norfolk,AU,2022-01-30 15:21:56,-42.7826,147.0587,57.76,74,1,1.61
5,Puerto Ayora,EC,2022-01-30 15:18:04,-0.7393,-90.3518,78.76,76,100,8.16
6,Hobart,AU,2022-01-30 15:17:57,-42.8794,147.3294,58.12,88,2,0.0
7,Port Alfred,ZA,2022-01-30 15:19:47,-33.5906,26.891,79.07,73,96,20.11
8,Upernavik,GL,2022-01-30 15:21:57,72.7868,-56.1549,-6.75,81,100,9.95
9,Broken Hill,AU,2022-01-30 15:19:37,-31.95,141.4333,83.16,52,89,4.79
10,Barrow,US,2022-01-30 15:19:53,71.2906,-156.7887,-9.38,77,20,9.22
11,Mehamn,NO,2022-01-30 15:21:58,71.0357,27.8492,28.96,70,100,17.83
12,Ushuaia,AR,2022-01-30 15:21:58,-54.8,-68.3,46.06,71,75,25.32
13,Rikitea,PF,2022-01-30 15:21:59,-23.1203,-134.9692,76.17,60,83,5.61
14,Ilulissat,GL,2022-01-30 15:21:59,69.2167,-51.1,8.62,61,75,17.27
15,Carnarvon,AU,2022-01-30 15:21:59,-24.8667,113.6333,78.87,78,40,18.41
16,Ust-Nera,RU,2022-01-30 15:22:00,64.5667,143.2,-16.06,99,100,0.98
17,Thinadhoo,MV,2022-01-30 15:21:15,0.5333,72.9333,82.24,72,100,9.6
18,Walvis Bay,NA,2022-01-30 15:22:00,-22.9575,14.5053,69.1,76,23,10.47
19,Los Llanos De Aridane,ES,2022-01-30 15:22:01,28.6585,-17.9182,65.95,76,20,4.0
20,Poum,NC,2022-01-30 15:21:19,-20.2333,164.0167,80.1,79,97,7.38
21,Alamosa,US,2022-01-30 15:19:46,37.4695,-105.87,17.11,77,0,5.75
22,Narsaq,GL,2022-01-30 15:22:01,60.9167,-46.05,7.02,62,100,9.48
23,Busselton,AU,2022-01-30 15:22:02,-33.65,115.3333,66.09,76,0,18.52
24,Kieta,PG,2022-01-30 15:22:02,-6.2167,155.6333,79.56,86,100,5.61
25,Yellowknife,CA,2022-01-30 15:22:02,62.456,-114.3525,-16.08,69,100,8.05
26,Punta Arenas,CL,2022-01-30 15:22:03,-53.15,-70.9167,53.71,43,75,26.46
27,Tasiilaq,GL,2022-01-30 15:22:03,65.6145,-37.6368,8.76,35,0,37.2
28,Bonthe,SL,2022-01-30 15:22:03,7.5264,-12.505,87.44,53,46,14.43
29,Camden,US,2022-01-30 15:22:04,39.7835,-74.9663,21.92,48,15,1.99
30,Tiarei,PF,2022-01-30 15:22:04,-17.5333,-149.3333,75.22,75,66,7.58
31,Bredasdorp,ZA,2022-01-30 15:22:04,-34.5322,20.0403,82.27,69,10,17.27
32,San Quintin,MX,2022-01-30 15:20:10,30.4833,-115.95,54.77,72,0,3.36
33,Atuona,PF,2022-01-30 15:22:05,-9.8,-139.0333,77.16,77,3,11.41
34,Longyearbyen,SJ,2022-01-30 15:21:29,78.2186,15.6401,10.24,67,20,14.97
35,Avarua,CK,2022-01-30 15:22:05,-21.2078,-159.775,78.85,83,40,11.5
36,Joshimath,IN,2022-01-30 15:19:17,30.5667,79.5667,40.82,54,31,6.64
37,La Palma,US,2022-01-30 15:22:06,33.8464,-118.0467,61.38,60,0,0.0
38,Port Hardy,CA,2022-01-30 15:22:06,50.6996,-127.4199,41.76,100,100,2.3
39,San Isidro,PE,2022-01-30 15:22:06,-12.1167,-77.05,75.02,82,75,1.01
40,Aklavik,CA,2022-01-30 15:22:07,68.2191,-135.0107,3.2,72,100,8.05
41,Rawson,AR,2022-01-30 15:22:07,-43.3002,-65.1023,65.55,27,95,21.41
42,Vaini,TO,2022-01-30 15:22:08,-21.2,-175.2,80.62,78,100,11.81
43,Comodoro Rivadavia,AR,2022-01-30 15:22:08,-45.8667,-67.5,64.26,20,40,19.57
44,Saskylakh,RU,2022-01-30 15:22:08,71.9167,114.0833,-15.2,100,100,2.44
45,Katobu,ID,2022-01-30 15:22:09,-4.9408,122.5276,77.86,82,100,1.48
46,Sur,OM,2022-01-30 15:21:02,22.5667,59.5289,73.9,64,2,6.76
47,Kaitangata,NZ,2022-01-30 15:22:09,-46.2817,169.8464,54.82,96,59,2.39
48,Klaksvik,FO,2022-01-30 15:22:09,62.2266,-6.589,36.52,85,100,19.26
49,Hamada,JP,2022-01-30 15:22:10,34.8833,132.0833,36.0,57,100,14.18
50,Moyale,KE,2022-01-30 15:22:10,3.5167,39.0584,85.75,15,90,12.75
51,Khanu Woralaksaburi,TH,2022-01-30 15:22:10,16.0617,99.8606,79.25,34,2,4.07
52,Aripuana,BR,2022-01-30 15:22:11,-9.1667,-60.6333,72.66,98,100,3.09
53,Kodiak,US,2022-01-30 15:22:11,57.79,-152.4072,24.31,68,40,14.97
54,Mataura,NZ,2022-01-30 15:22:11,-46.1927,168.8643,59.49,99,51,2.08
55,Chokurdakh,RU,2022-01-30 15:22:12,70.6333,147.9167,-28.89,88,39,1.45
56,Pevek,RU,2022-01-30 15:21:16,69.7008,170.3133,-12.37,95,100,0.85
57,Souillac,MU,2022-01-30 15:22:12,-20.5167,57.5167,82.78,74,40,13.8
58,Ribeira Grande,PT,2022-01-30 15:22:13,38.5167,-28.7,63.0,55,20,18.41
59,Ponta Do Sol,PT,2022-01-30 15:22:13,32.6667,-17.1,71.13,32,0,7.52
60,Hilo,US,2022-01-30 15:22:13,19.7297,-155.09,67.8,72,75,6.91
61,Fortuna,US,2022-01-30 15:22:14,40.5982,-124.1573,44.65,95,100,0.0
62,Ancud,CL,2022-01-30 15:22:14,-41.8697,-73.8203,58.53,52,23,10.22
63,Hithadhoo,MV,2022-01-30 15:21:15,-0.6,73.0833,82.33,65,100,6.53
64,Okhotsk,RU,2022-01-30 15:22:14,59.3833,143.3,14.83,77,100,16.11
65,Karratha,AU,2022-01-30 15:22:15,-20.7377,116.8463,82.87,72,57,27.27
66,Zhaotong,CN,2022-01-30 15:22:15,27.3167,103.7167,29.46,83,99,8.37
67,Mogadishu,SO,2022-01-30 15:22:16,2.0371,45.3438,79.11,74,28,21.18
68,Jumla,NP,2022-01-30 15:22:16,29.2747,82.1838,36.61,63,0,4.83
69,Jamestown,US,2022-01-30 15:18:54,42.097,-79.2353,14.52,60,100,1.99
70,East London,ZA,2022-01-30 15:22:16,-33.0153,27.9116,79.74,73,0,18.41
71,Bytca,SK,2022-01-30 15:22:17,49.224,18.5588,41.61,65,75,16.11
72,Kavaratti,IN,2022-01-30 15:19:16,10.5669,72.642,81.75,69,64,6.93
73,Burgeo,CA,2022-01-30 15:22:17,47.6167,-57.6152,34.18,78,100,43.22
74,Ucluelet,CA,2022-01-30 15:22:17,48.9329,-125.5528,48.09,93,100,5.01
75,Caravelas,BR,2022-01-30 15:22:18,-17.7125,-39.2481,89.22,56,80,11.72
76,Fairbanks,US,2022-01-30 15:20:02,64.8378,-147.7164,-28.98,67,0,0.0
77,Butaritari,KI,2022-01-30 15:22:18,3.0707,172.7902,81.84,77,62,21.09
78,Abu Dhabi,AE,2022-01-30 15:18:39,24.4667,54.3667,69.91,69,0,9.22
79,Albany,US,2022-01-30 15:22:19,42.6001,-73.9662,15.75,44,26,5.01
80,Bira,RU,2022-01-30 15:22:19,49.0,132.4667,-14.39,97,10,3.29
81,Deder,ET,2022-01-30 15:22:20,9.3167,41.45,63.66,26,100,8.68
82,Swakopmund,NA,2022-01-30 15:22:20,-22.6833,14.5333,68.99,83,45,5.99
83,Bodden Town,KY,2022-01-30 15:22:20,19.2833,-81.25,73.0,61,75,8.99
84,Lensk,RU,2022-01-30 15:22:20,60.7253,114.9278,-16.15,100,78,3.94
85,Avera,US,2022-01-30 15:22:21,33.194,-82.5271,42.71,29,0,12.08
86,Chapais,CA,2022-01-30 15:22:21,49.7834,-74.8492,-16.82,94,97,5.75
87,Quatre Cocos,MU,2022-01-30 15:22:21,-20.2078,57.7625,82.51,78,28,17.6
88,Thompson,CA,2022-01-30 15:22:22,55.7435,-97.8558,-2.04,84,100,2.3
89,Kundiawa,PG,2022-01-30 15:22:22,-6.0167,144.9667,62.67,99,100,1.86
90,Hermanus,ZA,2022-01-30 15:22:22,-34.4187,19.2345,95.9,55,41,22.5
91,Port Elizabeth,ZA,2022-01-30 15:18:28,-33.918,25.5701,86.09,78,20,16.11
92,Eyl,SO,2022-01-30 15:22:23,7.9803,49.8164,76.78,70,100,18.48
93,Cedar City,US,2022-01-30 15:18:45,37.6775,-113.0619,16.77,67,0,6.91
94,Tuktoyaktuk,CA,2022-01-30 15:22:23,69.4541,-133.0374,-2.2,78,100,18.41
95,Prainha,BR,2022-01-30 15:22:24,-1.8,-53.48,77.32,86,96,2.3
96,Vestmannaeyjar,IS,2022-01-30 15:22:24,63.4427,-20.2734,31.19,59,20,41.43
97,Barcelos,PT,2022-01-30 15:22:24,41.5388,-8.6151,66.92,36,0,3.38
98,Padang,ID,2022-01-30 15:19:13,-0.9492,100.3543,75.25,90,100,4.03
99,Sola,VU,2022-01-30 15:22:25,-13.8833,167.55,80.6,81,100,18.66
100,Teguldet,RU,2022-01-30 15:22:25,57.3064,88.1667,-1.5,99,90,3.62
101,Masuguru,TZ,2022-01-30 15:22:26,-11.3667,38.4167,77.29,88,60,3.24
102,Mar Del Plata,AR,2022-01-30 15:22:26,-38.0023,-57.5575,84.22,59,0,25.99
103,Saint-Philippe,RE,2022-01-30 15:22:26,-21.3585,55.7679,80.19,76,75,13.65
104,Kapaa,US,2022-01-30 15:22:27,22.0752,-159.319,71.92,78,0,13.8
105,Talnakh,RU,2022-01-30 15:22:27,69.4865,88.3972,-8.59,96,96,8.19
106,Cape Town,ZA,2022-01-30 15:22:27,-33.9258,18.4232,96.12,52,0,5.01
107,Darnah,LY,2022-01-30 15:22:28,32.767,22.6367,55.08,82,100,35.81
108,Pokhara,NP,2022-01-30 15:22:28,28.2333,83.9833,51.71,75,89,0.38
109,San Cristobal,VE,2022-01-30 15:21:47,7.7669,-72.225,68.18,47,100,1.45
110,Kyabe,TD,2022-01-30 15:22:28,9.4515,18.9449,93.54,10,47,5.23
111,San Policarpo,PH,2022-01-30 15:21:05,12.1791,125.5072,79.92,81,30,2.95
112,Hamilton,US,2022-01-30 15:22:29,39.1834,-84.5333,31.05,63,40,1.99
113,Vila Velha,BR,2022-01-30 15:22:29,-20.3297,-40.2925,89.55,74,40,10.0
114,Kavieng,PG,2022-01-30 15:22:30,-2.5744,150.7967,81.1,76,89,3.33
115,Tautira,PF,2022-01-30 15:22:30,-17.7333,-149.15,75.22,76,98,8.48
116,Lamesa,US,2022-01-30 15:22:30,32.7376,-101.951,34.86,31,100,4.05
117,Bluff,NZ,2022-01-30 15:22:31,-46.6,168.3333,59.81,92,88,3.78
118,Kruisfontein,ZA,2022-01-30 15:22:31,-34.0033,24.7314,83.88,61,64,21.39
119,Linxia,CN,2022-01-30 15:22:31,35.6003,103.2064,10.53,83,29,2.84
120,Arraial Do Cabo,BR,2022-01-30 15:22:32,-22.9661,-42.0278,89.56,70,40,5.75
121,Marrakesh,MA,2022-01-30 15:18:30,31.6315,-8.0083,77.07,19,40,6.91
122,Olafsvik,IS,2022-01-30 15:22:32,64.8945,-23.7142,28.08,66,100,38.92
123,Esmeralda,CU,2022-01-30 15:22:32,21.8525,-78.1169,67.24,46,35,11.63
124,Honningsvag,NO,2022-01-30 15:22:33,70.9821,25.9704,31.73,57,99,25.23
125,Cabedelo,BR,2022-01-30 15:22:33,-6.9811,-34.8339,86.67,66,94,13.94
126,Seoul,KR,2022-01-30 15:21:12,37.5683,126.9778,26.04,50,0,4.61
127,Ariquemes,BR,2022-01-30 15:22:34,-9.9133,-63.0408,72.01,98,100,4.05
128,Constantine,DZ,2022-01-30 15:22:34,36.365,6.6147,62.01,27,0,2.3
129,Vostok,RU,2022-01-30 15:21:11,46.4856,135.8833,-20.07,99,73,3.89
130,Srednekolymsk,RU,2022-01-30 15:22:34,67.45,153.6833,-24.65,100,100,3.91
131,Katsuura,JP,2022-01-30 15:22:35,35.1333,140.3,42.19,56,100,7.14
132,Castro,BR,2022-01-30 15:22:35,-24.7911,-50.0119,64.51,98,100,6.85
133,Iqaluit,CA,2022-01-30 15:22:35,63.7506,-68.5145,-11.47,70,100,8.05
134,Uvalde,US,2022-01-30 15:22:36,29.3669,-99.767,53.19,45,0,0.0
135,Codrington,AU,2022-01-30 15:19:18,-38.2667,141.9667,62.65,97,3,6.53
136,Beringovskiy,RU,2022-01-30 15:22:36,63.05,179.3167,-13.31,99,73,6.46
137,Aranos,NA,2022-01-30 15:21:19,-24.1333,19.1167,76.21,61,98,9.64
138,Antalaha,MG,2022-01-30 15:22:37,-14.9003,50.2788,79.61,85,92,13.29
139,Lebu,CL,2022-01-30 15:20:50,-37.6167,-73.65,61.52,81,82,11.95
140,Den Helder,NL,2022-01-30 15:22:37,52.9599,4.7593,45.99,63,100,10.0
141,Faanui,PF,2022-01-30 15:22:38,-16.4833,-151.75,80.17,72,79,6.4
142,Horodyshche,UA,2022-01-30 15:22:38,49.2849,31.4451,34.81,85,99,14.23
143,Mmabatho,ZA,2022-01-30 15:19:25,-25.85,25.6333,66.38,81,100,6.58
144,Rafaela,AR,2022-01-30 15:22:38,-31.2503,-61.4867,88.0,30,0,6.85
145,Ahipara,NZ,2022-01-30 15:22:39,-35.1667,173.1667,60.46,91,100,6.91
146,Hasaki,JP,2022-01-30 15:22:39,35.7333,140.8333,37.8,52,98,14.72
147,Zhob,PK,2022-01-30 15:22:39,31.3411,69.4481,54.39,39,9,10.07
148,Igrim,RU,2022-01-30 15:22:40,63.1906,64.4162,-2.36,99,98,3.58
149,Mountain Home,US,2022-01-30 15:22:40,43.133,-115.6912,12.94,100,0,5.75
150,Ballina,AU,2022-01-30 15:22:40,-28.8667,153.5667,73.58,87,84,4.65
151,Saldanha,ZA,2022-01-30 15:19:32,-33.0117,17.9442,71.13,72,32,18.1
152,Muyezerskiy,RU,2022-01-30 15:22:41,63.9333,31.65,15.64,96,100,7.0
153,Tessalit,ML,2022-01-30 15:22:41,20.1986,1.0114,84.92,10,5,13.76
154,Kismayo,SO,2022-01-30 15:22:42,-0.3582,42.5454,79.11,74,9,18.48
155,Flinders,AU,2022-01-30 15:22:42,-34.5833,150.8552,73.2,85,88,5.99
156,La Ronge,CA,2022-01-30 15:22:42,55.1001,-105.2842,14.25,85,100,8.05
157,Kenora,CA,2022-01-30 15:20:54,49.8167,-94.4337,2.37,85,75,6.91
158,Port Lincoln,AU,2022-01-30 15:22:43,-34.7333,135.8667,66.6,84,0,12.39
159,Herve,BE,2022-01-30 15:22:43,50.6411,5.7961,43.39,71,8,6.73
160,Praia,CV,2022-01-30 15:22:43,14.9215,-23.5087,70.34,68,100,23.02
161,Sortova,PA,2022-01-30 15:22:44,8.55,-82.65,81.75,48,20,1.05
162,Pisco,PE,2022-01-30 15:22:44,-13.7,-76.2167,74.01,78,0,6.91
163,Srandakan,ID,2022-01-30 15:22:44,-7.9386,110.2506,65.73,87,100,2.82
164,Nanortalik,GL,2022-01-30 15:22:45,60.1432,-45.2371,14.52,63,100,6.82
165,Tuatapere,NZ,2022-01-30 15:22:45,-46.1333,167.6833,59.83,94,71,1.79
166,Phangnga,TH,2022-01-30 15:22:46,8.4509,98.5298,87.82,77,85,2.91
167,Pamplona,ES,2022-01-30 15:22:46,42.8169,-1.6432,61.32,45,0,17.27
168,Najran,SA,2022-01-30 15:20:26,17.4924,44.1277,72.25,21,11,11.05
169,Kondinskoye,RU,2022-01-30 15:22:46,59.6481,67.41,6.15,97,100,4.25
170,Airai,TL,2022-01-30 15:22:47,-8.9266,125.4092,62.58,88,99,3.89
171,Moba,CN,2022-01-30 15:22:47,33.2288,105.0179,19.06,74,100,4.72
172,Takoradi,GH,2022-01-30 15:22:47,4.8845,-1.7554,85.24,62,87,12.53
173,Stavyshche,UA,2022-01-30 15:22:48,50.4,29.5333,37.33,92,97,12.1
174,Bambanglipuro,ID,2022-01-30 15:22:48,-7.95,110.2833,65.61,87,100,2.71
175,Qaanaaq,GL,2022-01-30 15:22:49,77.484,-69.3632,-7.87,69,100,8.28
176,Coos Bay,US,2022-01-30 15:22:49,43.3665,-124.2179,43.95,100,100,8.05
177,Gimli,CA,2022-01-30 15:22:49,50.6336,-96.9907,-0.38,85,100,9.22
178,Tacna,PE,2022-01-30 15:22:50,-18.0056,-70.2483,71.8,49,0,6.91
179,Dingle,PH,2022-01-30 15:22:50,10.9995,122.6711,77.0,89,84,0.83
180,Nagar Karnul,IN,2022-01-30 15:22:50,16.4821,78.3247,74.48,36,2,2.04
181,Bambous Virieux,MU,2022-01-30 15:21:07,-20.3428,57.7575,82.65,74,40,13.8
182,Cidreira,BR,2022-01-30 15:19:47,-30.1811,-50.2056,76.71,58,12,14.79
183,Suluq,LY,2022-01-30 15:22:51,31.6682,20.2521,55.08,68,98,21.65
184,Palmer,US,2022-01-30 15:22:14,42.1584,-72.3287,18.07,41,20,5.01
185,Qandala,SO,2022-01-30 15:22:51,11.472,49.8728,76.05,68,57,8.43
186,Constitucion,CL,2022-01-30 15:22:52,-35.3333,-72.4167,68.23,64,1,10.65
187,Izumo,JP,2022-01-30 15:22:52,35.3667,132.7667,35.55,75,100,8.88
188,Yulara,AU,2022-01-30 15:22:19,-25.2406,130.9889,75.04,88,100,9.22
189,Tutoia,BR,2022-01-30 15:22:52,-2.7619,-42.2744,85.98,72,100,9.84
190,Geraldton,AU,2022-01-30 15:19:19,-28.7667,114.6,73.81,83,0,18.41
191,Solnechnyy,RU,2022-01-30 15:22:53,50.7214,136.6319,-10.53,99,97,2.57
192,Yerofey Pavlovich,RU,2022-01-30 15:22:53,53.9667,121.9667,-10.98,96,52,3.67
193,Trairi,BR,2022-01-30 15:22:54,-3.2778,-39.2689,77.72,87,100,9.01
194,Sisimiut,GL,2022-01-30 15:22:54,66.9395,-53.6735,9.88,82,100,25.61
195,Salalah,OM,2022-01-30 15:22:54,17.0151,54.0924,75.29,64,20,5.75
196,Omboue,GA,2022-01-30 15:22:55,-1.5746,9.2618,83.37,67,100,6.98
197,Belyy Yar,RU,2022-01-30 15:22:55,53.6039,91.3903,-14.91,76,100,2.24
198,Tuy Hoa,VN,2022-01-30 15:22:55,13.0833,109.3,73.94,90,72,2.15
199,Almere,NL,2022-01-30 15:22:56,52.3703,5.2141,46.11,69,18,1.01
200,Esperance,AU,2022-01-30 15:19:19,-33.8667,121.9,72.93,55,67,6.67
201,Tigzirt,DZ,2022-01-30 15:22:56,36.8886,4.1198,56.8,59,0,3.42
202,Marsh Harbour,BS,2022-01-30 15:22:56,26.5412,-77.0636,61.77,62,100,15.9
203,Chuy,UY,2022-01-30 15:22:57,-33.6971,-53.4616,79.07,54,99,10.36
204,Miyako,JP,2022-01-30 15:22:57,39.6367,141.9525,24.82,57,89,7.7
205,Bethel,US,2022-01-30 15:22:57,41.3712,-73.414,19.65,54,0,1.99
206,Champoton,MX,2022-01-30 15:22:58,19.35,-90.7167,66.22,60,68,8.01
207,Phenix City,US,2022-01-30 15:22:58,32.471,-85.0008,45.18,47,0,5.75
208,Sao Joao Da Barra,BR,2022-01-30 15:22:15,-21.6403,-41.0511,87.89,71,88,6.24
209,Leningradskiy,RU,2022-01-30 15:22:58,69.3833,178.4167,-8.21,93,100,1.83
210,Mantua,IT,2022-01-30 15:22:59,45.1667,10.7833,56.28,72,1,5.01
211,Makakilo City,US,2022-01-30 15:22:59,21.3469,-158.0858,71.92,73,0,5.75
212,Dikson,RU,2022-01-30 15:23:00,73.5069,80.5464,2.71,93,100,20.65
213,Otane,NZ,2022-01-30 15:23:00,-39.8833,176.6333,62.38,84,68,3.67
214,Yangambi,CD,2022-01-30 15:23:00,0.8102,24.4336,95.63,18,55,1.99
215,Severo-Kurilsk,RU,2022-01-30 15:23:01,50.6789,156.125,26.28,92,100,16.22
216,Khatanga,RU,2022-01-30 15:22:34,71.9667,102.5,-12.78,97,98,8.7
217,Bam,IR,2022-01-30 15:23:01,29.106,58.357,52.83,25,0,5.35
218,Lithakia,GR,2022-01-30 15:23:01,37.7167,20.8333,53.02,54,0,8.05
219,Liverpool,GB,2022-01-30 15:19:15,53.4106,-2.9779,46.74,73,40,3.0
220,San Patricio,US,2022-01-30 15:21:21,28.017,-97.5169,57.87,63,0,5.84
221,Kiunga,PG,2022-01-30 15:23:02,-6.1219,141.2906,72.25,98,100,0.49
222,Georgetown,MY,2022-01-30 15:18:25,5.4112,100.3354,84.13,81,20,4.61
223,Berlevag,NO,2022-01-30 15:23:02,70.8578,29.0864,22.8,85,95,21.54
224,Tabou,CI,2022-01-30 15:22:31,4.423,-7.3528,85.46,66,61,12.1
225,Mirnyy,RU,2022-01-30 15:23:03,62.5353,113.9611,-18.56,100,50,3.85
226,Llanes,ES,2022-01-30 15:23:03,43.4198,-4.7549,53.28,73,14,10.22
227,Cherskiy,RU,2022-01-30 15:23:04,68.75,161.3,-28.89,100,80,3.58
228,Sindor,RU,2022-01-30 15:23:04,62.8629,51.8905,8.85,96,100,5.59
229,Buala,SB,2022-01-30 15:23:04,-8.145,159.5921,79.93,84,94,5.59
230,Mana,GF,2022-01-30 15:23:05,5.6592,-53.7767,81.93,70,49,10.71
231,Ixtapa,MX,2022-01-30 15:23:05,20.7,-105.2,65.43,77,0,8.05
232,Lavrentiya,RU,2022-01-30 15:23:05,65.5833,-171.0,-3.23,86,5,5.79
233,Saint-Augustin,CA,2022-01-30 15:23:06,51.226,-58.6502,37.87,99,100,21.88
234,Tommot,RU,2022-01-30 15:23:06,58.9564,126.2925,-3.96,97,100,6.24
235,Nikolskoye,RU,2022-01-30 15:23:06,59.7035,30.7861,29.88,94,100,8.86
236,Saint Pete Beach,US,2022-01-30 15:23:07,27.7253,-82.7412,49.23,30,0,1.01
237,Buraydah,SA,2022-01-30 15:23:07,26.326,43.975,66.65,34,44,7.43
238,Chiscas,CO,2022-01-30 15:23:07,6.5524,-72.4998,63.5,58,100,5.59
239,Bay Roberts,CA,2022-01-30 15:23:08,47.5999,-53.2648,52.52,90,100,15.99
240,Fort Nelson,CA,2022-01-30 15:23:08,58.8053,-122.7002,-0.81,78,100,3.44
241,Flin Flon,CA,2022-01-30 15:23:08,54.7682,-101.865,4.84,78,100,3.44
242,Chimore,BO,2022-01-30 15:23:09,-16.9833,-65.1333,87.19,52,79,2.39
243,Nesbyen,NO,2022-01-30 15:22:14,60.5681,9.1027,24.31,92,5,3.8
244,Lorengau,PG,2022-01-30 15:23:09,-2.0226,147.2712,79.48,83,100,11.5
245,Simpang,ID,2022-01-30 15:23:10,-1.2667,104.0833,75.61,90,17,2.64
246,Corinto,GR,2022-01-30 15:20:46,37.9407,22.9573,54.01,62,12,2.68
247,Taltal,CL,2022-01-30 15:23:10,-25.4,-70.4833,68.32,68,31,5.82
248,Kupang,ID,2022-01-30 15:23:10,-10.1667,123.5833,79.38,94,75,3.44
249,Miles City,US,2022-01-30 15:23:11,46.4083,-105.8406,36.52,68,0,4.61
250,Viedma,AR,2022-01-30 15:23:11,-40.8135,-62.9967,71.58,35,29,23.87
251,Atambua,ID,2022-01-30 15:23:11,-9.1061,124.8925,75.07,90,100,6.89
252,Alta Floresta,BR,2022-01-30 15:23:12,-9.8756,-56.0861,76.82,88,100,6.91
253,Togur,RU,2022-01-30 15:23:12,58.3631,82.8265,6.62,94,100,7.65
254,Eldorado,BR,2022-01-30 15:23:12,-23.7869,-54.2836,81.72,63,99,2.68
255,Santiago,CL,2022-01-30 15:21:08,-33.4569,-70.6483,77.18,48,0,4.61
256,Anloga,GH,2022-01-30 15:23:13,5.7947,0.8973,91.62,44,85,12.62
257,Portland,US,2022-01-30 15:21:51,45.5234,-122.6762,39.79,82,100,1.01
258,Yerbogachen,RU,2022-01-30 15:23:13,61.2767,108.0108,-7.31,100,99,2.62
259,Cabo San Lucas,MX,2022-01-30 15:18:50,22.8909,-109.9124,70.52,80,0,3.44
260,Banjar,ID,2022-01-30 15:23:14,-8.19,114.9675,82.26,92,100,3.51
261,Victoria,HK,2022-01-30 15:20:03,22.2855,114.1577,61.32,70,6,1.99
262,Sakaiminato,JP,2022-01-30 15:23:14,35.55,133.2333,35.58,100,75,5.75
263,Ayr,GB,2022-01-30 15:23:15,55.4627,-4.6339,45.1,87,100,20.71
264,Sosnovo-Ozerskoye,RU,2022-01-30 15:23:15,52.5249,111.5418,-24.7,100,62,3.47
265,Kununurra,AU,2022-01-30 15:23:15,-15.7667,128.7333,82.38,78,75,16.11
266,Healdsburg,US,2022-01-30 15:23:16,38.6105,-122.8692,46.9,73,0,2.68
267,Luderitz,NA,2022-01-30 15:23:16,-26.6481,15.1594,68.9,76,66,6.64
268,Vikulovo,RU,2022-01-30 15:23:16,56.8167,70.6107,6.46,97,100,5.82
269,Coxim,BR,2022-01-30 15:18:55,-18.5067,-54.76,76.87,89,97,10.16
270,Santona,ES,2022-01-30 15:23:17,43.4439,-3.4576,53.33,77,7,10.22
271,Orocue,CO,2022-01-30 15:23:17,4.7912,-71.3354,88.25,33,97,16.31
272,Honiara,SB,2022-01-30 15:23:18,-9.4333,159.95,77.59,87,100,1.86
273,Seddon,AU,2022-01-30 15:23:18,-37.8068,144.8916,70.61,89,100,1.99
274,Kefamenanu,ID,2022-01-30 15:23:18,-9.4467,124.4781,72.91,87,100,5.37
275,Pareora,NZ,2022-01-30 15:23:19,-44.4871,171.2132,57.07,90,9,5.91
276,Riyadh,SA,2022-01-30 15:22:47,24.6877,46.7219,62.74,33,0,9.6
277,Kirillov,RU,2022-01-30 15:23:19,59.863,38.3813,22.93,93,100,9.42
278,Tosya,TR,2022-01-30 15:23:20,41.0155,34.0401,23.22,92,63,5.32
279,Qui Nhon,VN,2022-01-30 15:23:20,13.7667,109.2333,75.72,86,95,3.85
280,Bandarbeyla,SO,2022-01-30 15:23:20,9.4942,50.8122,76.24,71,44,16.28
281,Tiksi,RU,2022-01-30 15:23:20,71.6872,128.8694,-15.72,100,73,4.18
282,Arman,RU,2022-01-30 15:23:21,59.7,150.1667,4.98,79,100,13.06
283,Pacific Grove,US,2022-01-30 15:22:21,36.6177,-121.9166,51.57,70,0,3.44
284,Tazmalt,DZ,2022-01-30 15:23:21,36.3868,4.3989,61.21,33,0,1.7
285,Azul,AR,2022-01-30 15:23:22,-36.777,-59.8585,78.48,55,21,16.93
286,Marathon,US,2022-01-30 15:23:22,44.9,-89.7668,22.24,77,100,5.75
287,Changping,CN,2022-01-30 15:23:22,40.2186,116.2197,29.64,44,100,9.33
288,Komsomolskiy,UZ,2022-01-30 15:23:23,40.4272,71.7189,36.82,86,100,2.3
289,Sibolga,ID,2022-01-30 15:23:23,1.7427,98.7792,76.95,91,100,3.74
290,Tucumcari,US,2022-01-30 15:23:23,35.1717,-103.725,24.64,63,0,4.61
291,Boende,CD,2022-01-30 15:23:24,-0.2167,20.8667,97.61,16,99,2.46
292,Mandalgovi,MN,2022-01-30 15:23:24,45.7625,106.2708,0.64,76,5,13.82
293,Kaohsiung,TW,2022-01-30 15:23:24,22.6163,120.3133,57.15,82,20,5.75
294,Vila Franca Do Campo,PT,2022-01-30 15:23:25,37.7167,-25.4333,57.61,76,90,14.2
295,Chengde,CN,2022-01-30 15:23:25,40.9725,117.9361,24.13,58,100,2.39
296,Pilar,BR,2022-01-30 15:23:25,-9.5972,-35.9567,87.73,46,87,12.48
297,Uruzgan,AF,2022-01-30 15:23:26,32.8333,66.0,40.6,60,25,1.28
298,Umm Kaddadah,SD,2022-01-30 15:23:26,13.6017,26.6876,77.05,9,2,12.71
299,Mahibadhoo,MV,2022-01-30 15:23:26,3.7833,72.9667,82.51,73,100,12.68
300,Guarapari,BR,2022-01-30 15:23:27,-20.6667,-40.4975,89.49,61,99,6.69
301,Kalianget,ID,2022-01-30 15:23:27,-7.05,113.9333,79.12,85,100,9.66
302,Prince Rupert,CA,2022-01-30 15:23:27,54.3161,-130.3201,37.09,100,100,3.44
303,Lagoa,PT,2022-01-30 15:23:28,39.05,-27.9833,57.74,66,54,22.01
304,Zhigansk,RU,2022-01-30 15:23:28,66.7697,123.3711,-32.39,100,96,4.05
305,Ishinomaki,JP,2022-01-30 15:23:28,38.4167,141.3,29.1,68,39,17.18
306,Polunochnoye,RU,2022-01-30 15:23:29,60.8697,60.4153,-1.75,100,100,0.78
307,Svetlyy,RU,2022-01-30 15:23:29,54.675,20.1347,37.45,73,100,33.78
308,Porgera,PG,2022-01-30 15:23:29,-5.4667,143.2,43.36,99,100,2.53
309,Brewster,US,2022-01-30 15:23:30,41.3973,-73.6171,20.26,55,0,1.01
310,Cheney,US,2022-01-30 15:23:00,47.4874,-117.5758,28.26,90,100,5.75
311,San Juan Evangelista,MX,2022-01-30 15:23:30,17.9,-95.1333,60.12,92,100,3.33
312,Ascension,US,2022-01-30 15:23:31,30.2169,-90.9001,55.99,73,0,5.75
313,Kanniyakumari,IN,2022-01-30 15:23:31,8.0833,77.5667,79.72,83,0,17.52
314,Okato,NZ,2022-01-30 15:23:31,-39.2,173.8833,62.91,89,0,5.23
315,Beipiao,CN,2022-01-30 15:23:32,41.7919,120.7792,19.36,38,76,3.06
316,Drumheller,CA,2022-01-30 15:23:32,51.4617,-112.7101,34.27,92,24,0.0
317,Cap Malheureux,MU,2022-01-30 15:23:33,-19.9842,57.6142,82.89,72,14,8.01
318,Beloha,MG,2022-01-30 15:21:05,-25.1667,45.05,80.35,55,76,17.09
319,Akom,CM,2022-01-30 15:23:33,2.6678,12.7109,94.32,14,99,2.66
320,Kachug,RU,2022-01-30 15:23:33,53.9606,105.8817,-17.48,100,95,0.98
321,Saint-Georges,GD,2022-01-30 15:23:34,12.0564,-61.7485,82.08,78,40,13.8
322,Fontem,CM,2022-01-30 15:23:34,5.4685,9.8818,91.81,14,89,3.8
323,Lao Cai,VN,2022-01-30 15:23:34,22.4833,103.95,56.8,88,97,2.57
324,Alice Town,BS,2022-01-30 15:23:35,25.7167,-79.3,60.78,59,12,14.85
325,Kitob,UZ,2022-01-30 15:23:35,39.0843,66.8332,32.58,56,94,1.52
326,Verkhnetulomskiy,RU,2022-01-30 15:23:35,68.6073,31.7962,5.13,96,99,3.44
327,Maltahohe,NA,2022-01-30 15:21:19,-24.8333,16.9833,85.48,33,97,17.72
328,Torbay,CA,2022-01-30 15:23:36,47.6666,-52.7314,51.76,96,100,21.85
329,Tanete,ID,2022-01-30 15:23:36,-3.9443,119.7848,75.69,89,100,3.13
330,San Andres,CO,2022-01-30 15:23:37,12.5847,-81.7006,82.42,65,20,10.36
331,Oda,JP,2022-01-30 15:23:37,35.1833,132.5,42.12,62,100,14.65
332,Shache,CN,2022-01-30 15:23:37,38.4167,77.2406,28.45,39,38,3.18
333,Kathmandu,NP,2022-01-30 15:23:38,27.7167,85.3167,48.42,81,75,4.61
334,Port Keats,AU,2022-01-30 15:23:38,-14.25,129.55,80.82,83,84,20.69
335,Singaparna,ID,2022-01-30 15:23:38,-7.3515,108.111,73.49,96,100,0.29
336,Port Macquarie,AU,2022-01-30 15:23:39,-31.4333,152.9167,71.56,100,100,1.14
337,Havelock,US,2022-01-30 15:23:39,34.8791,-76.9013,35.02,35,0,1.01
338,Cayenne,GF,2022-01-30 15:23:39,4.9333,-52.3333,82.44,84,100,3.0
339,Aykhal,RU,2022-01-30 15:23:40,66.0,111.5,-21.96,100,53,3.2
340,San Felipe,VE,2022-01-30 15:23:40,10.3399,-68.7425,80.69,58,71,6.78
341,Sitka,US,2022-01-30 15:23:40,57.0531,-135.33,33.69,86,100,10.36
342,Morgan City,US,2022-01-30 15:20:48,29.6994,-91.2068,57.0,76,0,5.75
343,Haines Junction,CA,2022-01-30 15:23:41,60.7522,-137.5108,10.35,61,100,8.05
344,Sterling,US,2022-01-30 15:21:47,39.0062,-77.4286,25.77,51,75,3.0
345,Margate,GB,2022-01-30 15:23:41,51.3813,1.3862,47.91,60,99,5.01
346,Weihai,CN,2022-01-30 15:23:42,37.5017,122.1136,32.27,57,0,6.31
347,Portobelo,PA,2022-01-30 15:23:42,9.55,-79.65,85.86,63,80,14.7
348,Paamiut,GL,2022-01-30 15:23:42,61.994,-49.6678,4.14,70,100,14.12
349,Beyneu,KZ,2022-01-30 15:23:43,45.3167,55.2,32.72,80,96,12.24
350,Khambhat,IN,2022-01-30 15:23:43,22.3,72.6167,71.96,33,0,4.97
351,Pidhorodna,UA,2022-01-30 15:23:43,48.107,30.8895,32.18,82,74,9.35
352,Touros,BR,2022-01-30 15:23:44,-5.1989,-35.4608,86.9,62,25,15.1
353,Rameshki,RU,2022-01-30 15:23:44,57.3439,36.0453,24.21,95,100,10.63
354,Yaan,NG,2022-01-30 15:23:44,7.3833,8.5667,94.84,8,84,11.05
355,Port-Gentil,GA,2022-01-30 15:23:45,-0.7193,8.7815,85.96,74,40,10.36
356,Bengkulu,ID,2022-01-30 15:19:33,-3.8004,102.2655,77.34,90,100,6.22
357,Jimenez,MX,2022-01-30 15:23:45,28.3333,-105.4,43.54,62,11,8.41
358,Vung Tau,VN,2022-01-30 15:23:46,10.346,107.0843,77.85,83,10,15.39
359,Itaituba,BR,2022-01-30 15:23:46,-4.2761,-55.9836,80.76,83,75,0.0
360,Singaraja,ID,2022-01-30 15:23:39,-8.112,115.0882,79.54,87,100,5.06
361,Petrovsk,RU,2022-01-30 15:23:46,52.3064,45.3917,29.77,98,45,7.54
362,Yanam,IN,2022-01-30 15:23:47,16.7333,82.2167,75.6,90,4,4.43
363,Mahon,ES,2022-01-30 15:23:47,39.8885,4.2658,59.56,47,0,11.5
364,Padre Bernardo,BR,2022-01-30 15:23:48,-15.35,-48.5,75.97,77,97,8.25
365,Ledyard,US,2022-01-30 15:23:48,41.4398,-72.0142,19.08,41,0,5.01
366,Lata,PT,2022-01-30 15:20:20,40.1629,-8.3327,67.91,24,87,3.85
367,Anchorage,US,2022-01-30 15:19:54,61.2181,-149.9003,24.85,90,100,0.0
368,Sept-Iles,CA,2022-01-30 15:22:02,50.2001,-66.3821,6.06,68,100,14.0
369,Labuhan,ID,2022-01-30 15:23:49,-6.8844,112.2051,77.04,92,100,6.04
370,Senneterre,CA,2022-01-30 15:23:49,48.3835,-77.2328,3.42,92,100,4.74
371,Inhambane,MZ,2022-01-30 15:23:49,-23.865,35.3833,81.05,57,50,9.69
372,Cao Bang,VN,2022-01-30 15:23:50,22.6667,106.25,50.41,87,100,2.1
373,Kamaishi,JP,2022-01-30 15:23:50,39.2667,141.8833,25.23,56,22,7.85
374,Guanica,PR,2022-01-30 15:23:50,17.9716,-66.908,85.21,65,0,5.99
375,Pangnirtung,CA,2022-01-30 15:23:51,66.1451,-65.7125,-19.62,89,100,5.01
376,Marana,US,2022-01-30 15:20:42,32.4367,-111.2254,58.75,44,75,5.75
377,Klyuchi,RU,2022-01-30 15:23:51,52.2667,79.1667,17.37,96,70,7.92
378,Puquio,PE,2022-01-30 15:23:52,-14.7,-74.1333,55.36,58,96,7.05
379,Icod De Los Vinos,ES,2022-01-30 15:23:52,28.3724,-16.7119,67.96,77,7,3.38
380,Angola,AO,2022-01-30 15:23:52,-12.5,18.5,73.27,68,100,7.54
381,Bontang,ID,2022-01-30 15:23:53,0.1333,117.5,78.35,84,81,4.29
382,Daokou,CN,2022-01-30 15:23:53,35.5639,114.5058,34.23,84,1,6.6
383,Nouakchott,MR,2022-01-30 15:22:56,18.0858,-15.9785,82.33,41,97,11.25
384,Yatou,CN,2022-01-30 15:23:53,37.15,122.3833,28.69,57,0,3.74
385,Salinas,US,2022-01-30 15:23:12,36.6777,-121.6555,51.96,70,0,8.05
386,Tazovskiy,RU,2022-01-30 15:23:54,67.4667,78.7,-11.25,98,99,8.23
387,Dandong,CN,2022-01-30 15:23:54,40.1292,124.3947,20.52,36,0,3.89
388,Hobyo,SO,2022-01-30 15:23:54,5.3505,48.5268,77.63,71,89,17.29
389,Terrace,CA,2022-01-30 15:22:18,54.5163,-128.6035,37.42,93,100,19.57
390,Cooma,AU,2022-01-30 15:23:55,-36.2333,149.1333,64.17,100,100,5.75
391,Hambantota,LK,2022-01-30 15:19:29,6.1241,81.1185,79.38,82,19,13.58
392,Belmonte,BR,2022-01-30 15:23:55,-15.8631,-38.8828,88.3,65,89,12.55
393,Bogorodskoye,RU,2022-01-30 15:23:56,56.55,37.8833,26.1,91,100,13.13
394,Uglegorskiy,RU,2022-01-30 15:23:56,48.2427,41.2531,28.06,92,76,13.13
395,Richards Bay,ZA,2022-01-30 15:23:56,-28.783,32.0377,79.84,64,33,11.95
396,Vao,NC,2022-01-30 15:23:57,-22.6667,167.4833,79.36,87,98,14.2
397,Bathsheba,BB,2022-01-30 15:21:48,13.2167,-59.5167,83.01,65,40,19.57
398,Meulaboh,ID,2022-01-30 15:23:58,4.1363,96.1285,80.02,77,91,6.85
399,Miri,MY,2022-01-30 15:23:58,4.4148,114.0089,77.14,94,40,2.3
400,Ilave,PE,2022-01-30 15:23:58,-16.0833,-69.6667,51.3,69,100,4.9
401,Belle Fourche,US,2022-01-30 15:23:59,44.6714,-103.8522,48.54,38,77,8.61
402,Kloulklubed,PW,2022-01-30 15:23:59,7.0419,134.2556,75.7,66,96,9.22
403,Quilali,NI,2022-01-30 15:24:00,13.567,-86.026,74.88,74,69,6.67
404,Brae,GB,2022-01-30 15:24:00,60.3964,-1.353,40.91,68,100,14.45
405,Santo Angelo,BR,2022-01-30 15:24:00,-28.2992,-54.2631,86.32,48,0,8.05
406,Florence,IT,2022-01-30 15:24:00,43.7667,11.25,57.29,79,75,2.3
407,Sovetskiy,RU,2022-01-30 15:24:01,61.3614,63.5842,-2.83,100,100,2.51
408,Vilhena,BR,2022-01-30 15:24:01,-12.7406,-60.1458,71.82,94,75,13.8
409,Hidalgotitlan,MX,2022-01-30 15:24:02,17.7833,-94.6333,60.82,96,100,2.37
410,Zhezkazgan,KZ,2022-01-30 15:24:02,47.8043,67.7144,18.28,95,100,8.59
411,Ilhabela,BR,2022-01-30 15:24:02,-23.7781,-45.3581,73.35,95,100,1.43
412,Halifax,CA,2022-01-30 15:20:08,44.6453,-63.5724,25.0,73,92,8.99
413,Namatanai,PG,2022-01-30 15:23:10,-3.6667,152.4333,78.35,86,89,3.78
414,Saint George,US,2022-01-30 15:24:03,37.1041,-113.5841,43.36,50,0,0.0
415,Huambo,AO,2022-01-30 15:24:03,-12.7761,15.7392,69.6,73,100,11.5
416,Maydolong,PH,2022-01-30 15:24:04,11.4992,125.5011,77.36,88,5,2.82
417,Morehead,US,2022-01-30 15:24:04,37.2711,-87.1764,38.86,56,0,5.75
418,Belaya Gora,RU,2022-01-30 15:24:04,68.5333,146.4167,-30.84,100,36,0.54
419,Datong,CN,2022-01-30 15:24:05,40.0936,113.2914,14.59,45,3,14.07
420,Akyab,MM,2022-01-30 15:24:05,20.15,92.9,68.22,54,0,16.08
421,Moussoro,TD,2022-01-30 15:24:06,13.6408,16.4901,81.09,9,54,16.6
422,Daru,PG,2022-01-30 15:22:18,-9.0763,143.2092,76.23,87,100,6.31
423,Isangel,VU,2022-01-30 15:24:06,-19.55,169.2667,78.3,90,100,9.62
424,Nioki,CD,2022-01-30 15:24:07,-2.7167,17.6833,90.57,39,100,3.71
425,Atar,MR,2022-01-30 15:24:07,20.5169,-13.0499,89.65,15,100,11.5
426,Norman Wells,CA,2022-01-30 15:24:07,65.282,-126.8329,-30.96,68,40,0.0
427,Arlit,NE,2022-01-30 15:24:08,18.7369,7.3853,82.15,10,4,22.57
428,Asyut,EG,2022-01-30 15:24:08,27.181,31.1837,61.02,31,22,8.93
429,Mugur-Aksy,RU,2022-01-30 15:24:08,50.35,90.5,-7.49,67,21,5.59
430,Kokopo,PG,2022-01-30 15:24:09,-4.352,152.2633,76.82,86,70,5.03
431,Treinta Y Tres,UY,2022-01-30 15:24:09,-33.2333,-54.3833,79.25,48,45,10.38
432,Neutraubling,DE,2022-01-30 15:24:09,48.9833,12.2,42.53,65,52,13.0
433,Kastamonu,TR,2022-01-30 15:19:39,41.5,33.6667,26.4,94,94,2.06
434,Sao Filipe,CV,2022-01-30 15:22:36,14.8961,-24.4956,71.26,70,99,14.23
435,Pantai Remis,MY,2022-01-30 15:24:10,4.4557,100.6288,82.42,85,72,7.58
436,Mwene-Ditu,CD,2022-01-30 15:24:10,-7.0,23.45,76.32,79,74,4.5
437,Dunedin,NZ,2022-01-30 15:23:09,-45.8742,170.5036,61.81,88,53,8.01
438,Pangai,TO,2022-01-30 15:24:11,-19.8,-174.35,80.56,78,100,8.05
439,Moanda,GA,2022-01-30 15:24:11,-1.5575,13.2178,84.43,52,97,4.88
440,Muscatine,US,2022-01-30 15:24:11,41.4667,-91.1335,18.99,69,0,5.01
441,Piacabucu,BR,2022-01-30 15:24:12,-10.4056,-36.4344,86.86,58,57,12.26
442,Tucurui,BR,2022-01-30 15:24:12,-3.7661,-49.6725,80.26,73,100,2.86
443,Itarema,BR,2022-01-30 15:24:12,-2.9248,-39.9167,77.47,85,100,9.95
444,Coquimbo,CL,2022-01-30 15:21:08,-29.9533,-71.3436,67.73,68,0,12.66
445,Porto Murtinho,BR,2022-01-30 15:24:13,-21.6989,-57.8825,99.46,25,0,3.02
446,Verkhnevilyuysk,RU,2022-01-30 15:24:13,63.4453,120.3167,-20.99,100,59,4.29
447,Port Blair,IN,2022-01-30 15:24:14,11.6667,92.75,75.24,78,20,0.0
448,Korla,CN,2022-01-30 15:24:14,41.7597,86.1469,24.98,55,8,2.93
449,Yakima,US,2022-01-30 15:24:15,46.4665,-120.6678,29.03,89,100,0.0
450,Qasigiannguit,GL,2022-01-30 15:24:15,68.8193,-51.1922,8.85,68,100,17.74
451,Vanavara,RU,2022-01-30 15:22:30,60.34,102.2797,-13.5,100,98,1.36
452,Mentor,US,2022-01-30 15:19:17,41.6662,-81.3395,19.29,81,100,8.01
453,Roma,US,2022-01-30 15:24:03,43.2128,-75.4557,14.65,69,64,1.01
454,Helong,CN,2022-01-30 15:24:16,42.5397,128.9972,6.67,91,5,5.44
455,Arteaga,MX,2022-01-30 15:24:16,18.4667,-102.4167,69.01,49,1,1.03
456,Westport,US,2022-01-30 15:20:03,41.1415,-73.3579,20.98,50,0,1.01
457,Shimoda,JP,2022-01-30 15:24:16,34.6667,138.95,39.11,64,100,10.51
458,Alugan,PH,2022-01-30 15:23:15,12.2188,125.4808,79.34,83,34,3.0
459,Storforshei,NO,2022-01-30 15:24:17,66.4043,14.5233,30.65,100,100,3.44
460,Ternate,ID,2022-01-30 15:24:17,0.8,127.4,80.47,79,100,7.34
461,Kindu,CD,2022-01-30 15:24:18,-2.95,25.95,88.7,46,27,4.05
462,Bolekhiv,UA,2022-01-30 15:24:18,49.0661,23.8643,38.12,88,99,21.07
463,Neiafu,TO,2022-01-30 15:23:32,-18.65,-173.9833,80.83,77,100,8.41
464,Itatskiy,RU,2022-01-30 15:24:19,56.07,89.0369,-6.2,98,29,4.81
465,Guerrero Negro,MX,2022-01-30 15:24:19,27.9769,-114.0611,58.46,74,59,8.61
466,Garibaldi,BR,2022-01-30 15:24:19,-29.2561,-51.5336,75.7,71,95,4.47
467,Bonavista,CA,2022-01-30 15:24:20,48.6499,-53.1147,50.11,98,100,28.86
468,Chara,RU,2022-01-30 15:24:20,56.9064,118.2631,-18.29,88,52,1.3
469,Te Anau,NZ,2022-01-30 15:24:20,-45.4167,167.7167,54.21,94,9,0.65
470,Husavik,IS,2022-01-30 15:24:21,66.0449,-17.3389,30.11,61,82,19.35
471,Ostrovnoy,RU,2022-01-30 15:24:21,68.0531,39.5131,3.15,98,84,8.23
472,Arandas,MX,2022-01-30 15:24:21,20.7,-102.35,56.77,47,0,1.52
473,Evensk,RU,2022-01-30 15:24:22,61.95,159.2333,19.13,54,100,23.17
474,Sabang,ID,2022-01-30 15:24:22,5.8933,95.3214,82.2,70,49,5.48
475,Barao De Melgaco,BR,2022-01-30 15:24:22,-16.1944,-55.9675,81.12,95,100,5.46
476,Dombas,NO,2022-01-30 15:24:23,62.0696,9.1235,15.24,92,23,9.6
477,Naze,JP,2022-01-30 15:24:23,28.3667,129.4833,54.09,73,93,19.26
478,Bilibino,RU,2022-01-30 15:23:23,68.0546,166.4372,-5.82,91,100,4.9
479,Havre-Saint-Pierre,CA,2022-01-30 15:24:23,50.2334,-63.5986,9.19,78,100,19.57
480,Lakatoro,VU,2022-01-30 15:24:24,-16.0999,167.4164,79.59,86,100,8.39
481,Payo,ID,2022-01-30 15:24:24,-3.7508,103.6372,74.26,97,100,1.7
482,Kahului,US,2022-01-30 15:24:24,20.8947,-156.47,73.85,72,0,8.05
483,Tshikapa,CD,2022-01-30 15:24:25,-6.4167,20.8,86.11,61,28,3.38
484,Doha,QA,2022-01-30 15:24:25,25.2867,51.5333,67.98,50,0,10.36
485,Canico,PT,2022-01-30 15:24:25,32.6333,-16.85,71.13,60,20,12.66
486,Reconquista,AR,2022-01-30 15:24:26,-29.15,-59.65,89.47,23,0,7.76
487,Sinnamary,GF,2022-01-30 15:24:26,5.3833,-52.95,80.76,75,76,8.99
488,Kiruna,SE,2022-01-30 15:24:26,67.8557,20.2251,11.32,85,75,1.14
489,Alofi,NU,2022-01-30 15:24:27,-19.0595,-169.9187,73.29,94,90,4.61
490,Fengcheng,CN,2022-01-30 15:24:27,40.4536,124.0717,19.02,40,0,3.36
491,Mandali,IQ,2022-01-30 15:24:27,33.7499,45.5541,54.01,44,4,9.17
492,Thanh Hoa,VN,2022-01-30 15:24:28,19.8,105.7667,58.48,85,100,5.03
493,Xichang,CN,2022-01-30 15:24:28,27.8964,102.2634,40.23,70,25,6.58
494,Purgstall,AT,2022-01-30 15:24:28,48.0584,15.1348,45.73,73,32,23.87
495,Sechura,PE,2022-01-30 15:24:29,-5.5569,-80.8222,73.8,68,100,8.55
496,Hualmay,PE,2022-01-30 15:24:29,-11.0964,-77.6139,72.81,76,100,7.27
497,Clyde River,CA,2022-01-30 15:24:30,70.4692,-68.5914,-14.57,70,100,3.44
498,Weligama,LK,2022-01-30 15:24:30,5.9667,80.4167,78.1,86,14,6.24
499,Dhar,IN,2022-01-30 15:24:30,22.6,75.3,64.44,24,0,2.95
500,Kargil,IN,2022-01-30 15:24:31,34.5667,76.1,-1.26,86,88,3.29
501,Soverato,IT,2022-01-30 15:24:31,38.685,16.5499,58.91,67,0,17.98
502,Shingu,JP,2022-01-30 15:24:31,33.7333,135.9833,38.44,75,35,7.78
503,Mayo,US,2022-01-30 15:24:32,38.8876,-76.5119,27.25,48,0,3.0
504,Kaoma,ZM,2022-01-30 15:24:32,-14.7833,24.8,71.47,89,100,7.2
505,Sayat,TM,2022-01-30 15:24:32,38.7839,63.8803,40.87,44,2,8.61
506,Voh,NC,2022-01-30 15:24:33,-20.9667,164.7,76.82,90,98,3.96
507,Lokachi,UA,2022-01-30 15:24:33,50.737,24.6494,33.75,98,100,18.61
508,Bairiki,KI,2022-01-30 15:24:33,1.3292,172.9752,81.79,78,66,18.48
509,Kaeo,NZ,2022-01-30 15:24:34,-35.1,173.7833,61.32,94,100,9.24
510,Molina,CL,2022-01-30 15:24:34,-35.1167,-71.2833,60.53,82,100,4.61
511,Nelson Bay,AU,2022-01-30 15:24:34,-32.7167,152.15,73.99,94,35,5.32
512,Tambacounda,SN,2022-01-30 15:24:35,13.7539,-13.7586,104.05,10,0,9.22
513,Sungurlu,TR,2022-01-30 15:24:35,40.1675,34.3739,28.8,92,98,2.89
514,Shubarshi,KZ,2022-01-30 15:24:35,48.5872,57.1869,21.92,92,99,11.7
515,Uaua,BR,2022-01-30 15:24:36,-9.8414,-39.4817,88.34,38,56,7.36
516,Vredendal,ZA,2022-01-30 15:24:36,-31.6683,18.5012,93.99,19,82,21.25
517,Puerto Concordia,CO,2022-01-30 15:24:36,2.6221,-72.7572,85.62,39,100,9.95
518,Tanout,NE,2022-01-30 15:24:37,14.9709,8.8879,76.39,8,0,23.02
519,Dharchula,IN,2022-01-30 15:24:37,29.85,80.5333,48.36,53,2,6.89
520,Challapata,BO,2022-01-30 15:24:37,-18.9,-66.7667,51.35,73,100,6.44
521,Huarmey,PE,2022-01-30 15:24:38,-10.0681,-78.1522,72.07,81,100,6.89
522,Montrose,US,2022-01-30 15:23:55,38.4166,-108.2673,26.94,56,0,1.16
523,Esfarayen,IR,2022-01-30 15:24:38,37.0765,57.5101,37.06,53,0,6.2
524,Kjopsvik,NO,2022-01-30 15:24:39,68.097,16.3742,22.17,89,37,7.07
525,Berdigestyakh,RU,2022-01-30 15:24:39,62.0989,126.6992,-16.29,100,100,2.19
526,Gat,IL,2022-01-30 15:20:02,31.61,34.7642,58.41,14,8,7.83
527,Soligalich,RU,2022-01-30 15:24:39,59.0778,42.2864,14.18,95,99,7.43
528,Duldurga,RU,2022-01-30 15:24:40,50.6761,113.5931,-13.18,97,20,4.23
529,Cristalina,BR,2022-01-30 15:21:28,-16.7686,-47.6136,73.58,66,90,9.75
530,Yang Talat,TH,2022-01-30 15:24:40,16.3998,103.3679,79.36,54,30,11.9
531,Mariental,NA,2022-01-30 15:24:40,-24.6333,17.9667,85.73,39,81,18.77
532,Dobele,LV,2022-01-30 15:24:41,56.625,23.2786,33.35,96,100,21.0
533,Novi Bilokorovychi,UA,2022-01-30 15:24:41,51.1155,28.0546,33.44,85,91,13.38
534,Zyryanka,RU,2022-01-30 15:24:42,65.75,150.85,-18.51,98,100,9.71
535,Cacoal,BR,2022-01-30 15:24:42,-11.4386,-61.4472,72.05,99,100,4.5
536,Cockburn Town,TC,2022-01-30 15:24:42,21.4612,-71.1419,74.82,77,55,17.4
537,Talara,PE,2022-01-30 15:21:19,-4.5772,-81.2719,81.36,54,0,16.11
538,Longford,IE,2022-01-30 15:24:43,53.7333,-7.8,49.86,88,99,22.73
539,Henties Bay,NA,2022-01-30 15:24:43,-22.116,14.2845,68.86,75,99,11.54
540,Mitsamiouli,KM,2022-01-30 15:24:43,-11.3847,43.2844,88.09,51,20,5.75
541,Slonim,BY,2022-01-30 15:24:44,53.0867,25.3219,32.83,97,100,17.22
542,Trois-Rivieres,CA,2022-01-30 15:24:13,46.3501,-72.5491,8.82,42,0,8.05
543,Aden,YE,2022-01-30 15:24:44,12.7794,45.0367,78.08,64,85,10.89
544,Vradiyivka,UA,2022-01-30 15:24:45,47.862,30.5919,33.49,79,70,10.0
545,Risor,NO,2022-01-30 15:24:45,58.7206,9.2342,40.28,63,42,5.37
546,Oum Hadjer,TD,2022-01-30 15:24:45,13.2954,19.6966,85.21,9,10,9.4
547,Zdzieszowice,PL,2022-01-30 15:24:46,50.4248,18.1235,40.5,74,100,28.32
548,Goure,NE,2022-01-30 15:24:46,13.9835,10.2704,78.03,8,65,18.72
549,Oistins,BB,2022-01-30 15:19:47,13.0667,-59.5333,82.49,65,40,19.57
550,Luganville,VU,2022-01-30 15:24:46,-15.5333,167.1667,76.86,92,100,1.97
551,Sambava,MG,2022-01-30 15:24:47,-14.2667,50.1667,81.18,82,100,14.79
552,Naryan-Mar,RU,2022-01-30 15:24:47,67.6713,53.087,12.58,92,100,14.03
553,Puerto Del Rosario,ES,2022-01-30 15:24:47,28.5004,-13.8627,67.75,56,20,5.75
554,Gore,NZ,2022-01-30 15:24:48,-46.1028,168.9436,59.23,99,47,1.77
555,Alappuzha,IN,2022-01-30 15:20:41,9.49,76.3264,81.05,73,9,2.21
556,Kalabo,ZM,2022-01-30 15:24:48,-14.97,22.6814,76.01,73,98,9.73
557,Mchinji,MW,2022-01-30 15:24:49,-13.7984,32.8802,70.11,90,30,2.89
558,Perbaungan,ID,2022-01-30 15:24:49,3.5679,98.956,78.17,89,76,6.02
559,Adrar,MR,2022-01-30 15:24:49,20.5022,-10.0711,86.23,9,100,19.39
560,Sobolevo,RU,2022-01-30 15:24:50,54.4299,31.8996,32.32,98,100,9.13
561,Taraz,KZ,2022-01-30 15:24:50,42.9,71.3667,28.81,100,100,4.47
562,Vestmanna,FO,2022-01-30 15:24:50,62.1564,-7.1664,34.72,93,100,14.97
563,Kontagora,NG,2022-01-30 15:24:51,10.3999,5.4695,92.79,6,93,9.8
564,Camana,PE,2022-01-30 15:24:51,-16.6228,-72.7111,73.04,67,41,6.82
565,Murnau,DE,2022-01-30 15:24:52,48.2302,12.2943,44.58,69,7,17.13
566,Valparaiso,CL,2022-01-30 15:22:31,-33.0393,-71.6273,68.23,66,20,5.75
567,Sarankhola,BD,2022-01-30 15:24:52,22.3082,89.7897,60.55,57,0,4.16
568,Preobrazheniye,RU,2022-01-30 15:24:52,42.9019,133.9064,13.8,65,14,9.17
569,Ranfurly,NZ,2022-01-30 15:24:53,-45.1333,170.1,48.65,92,3,1.48
570,Rupert,US,2022-01-30 15:24:53,42.6191,-113.6772,6.69,71,0,0.0
